use autowp_test;

INSERT INTO `users` (`id`, `login`, `password`, `e_mail`, `name`, `reg_date`, `last_online`, `icq`, `url`, `own_car`, `dream_car`, `forums_topics`, `forums_messages`, `pictures_added`, `e_mail_checked`, `hide_e_mail`, `authority`, `pictures_ratio`, `email_to_check`, `email_check_code`, `role`, `messaging_interval`, `last_message_time`, `deleted`, `identity`, `img`, `votes_per_day`, `votes_left`, `timezone`, `specs_volume`, `specs_volume_valid`, `specs_positives`, `specs_negatives`, `specs_weight`, `last_ip`, `language`)
VALUES
(1, 'test','26cc2d23a03a8f07ed1e3d000a244636','test@example.com', 'tester',                 NULL,'2016-11-25 18:31:52',0,'','','',0,0,0,0,NULL,0,NULL,NULL,NULL,'user', 10,NULL,0,NULL,NULL,1,1000000,'Europe/Moscow',0,0,NULL,NULL,0,0x7F000001,'ru'),
(2,   NULL,                                '',              NULL,'tester2',                 NULL,'2016-11-25 18:31:52',0,'','','',0,0,0,0,NULL,0,NULL,NULL,NULL,'user', 10,NULL,0,'identity',NULL,1,1000000,'UTC',0,0,NULL,NULL,0,0x7F000001,'ru'),
(3,'admin','72a4a00d16ecf16d8bef792ef553c2d7',              NULL,  'admin','2004-11-25 18:31:52','2016-11-25 18:31:52',0,'','','',0,0,0,0,NULL,0,NULL,NULL,NULL,'admin',0,NULL,0,'admin',NULL,1,1000000,'UTC',0,0,NULL,NULL,0,0x7F000001,'ru');

/*!40000 ALTER TABLE `acl_roles_parents` DISABLE KEYS */;
INSERT IGNORE INTO `acl_roles_parents` (`role_id`, `parent_role_id`) VALUES (14,6),(5,9),(5,10),(5,14),(10,14),(5,58),(5,13);
/*!40000 ALTER TABLE `acl_roles_parents` ENABLE KEYS */;

/*!40000 ALTER TABLE `acl_roles_privileges_allowed` DISABLE KEYS */;
INSERT IGNORE INTO `acl_roles_privileges_allowed` (`role_id`, `privilege_id`)
VALUES (10,1),(10,2),(10,3),(10,4),(10,5),(58,6),(6,7),(9,8),(5,9),(15,9),(5,10),(5,11),(5,12),(5, 13),(5,14),(5,17),(5,18),(5,19),(5,20),(5,16),(5,21),(5,22);
/*!40000 ALTER TABLE `acl_roles_privileges_allowed` ENABLE KEYS */;

/*!40000 ALTER TABLE `item` DISABLE KEYS */;
INSERT INTO `item` (`id`, `name`, `begin_year`, `end_year`, `body`, `spec_id`, `spec_inherit`, `produced`, `produced_exactly`, `is_concept`, `today`, `add_datetime`, `begin_month`, `end_month`, `begin_order_cache`, `end_order_cache`, `begin_model_year`, `end_model_year`, `_html`, `is_group`, `car_type_inherit`, `is_concept_inherit`, `engine_item_id`, `engine_inherit`, `text_id`, `full_text_id`, `item_type_id`, `catname`, `full_name`, `position`, `logo_id`)
VALUES
(1,         'test car',1999,NULL,'',NULL,1,  100,1,0,1,'2016-11-25 18:31:47',2,NULL,NULL,NULL,2000,NULL,NULL,0,0,0,1,1,NULL,NULL,1,NULL,NULL,0,NULL),
(2, 'test concept car',1999,2005,'',NULL,1,  233,0,1,0,'2016-11-25 18:31:47',6,4,NULL,NULL,1999,2005,NULL,0,0,0,NULL,1,NULL,NULL,1,NULL,NULL,0,NULL),
(3,       'test car 3',1923,1927,'',NULL,1,50752,1,0,0,'2016-11-25 18:31:47',6,1,NULL,NULL,1923,1927,NULL,0,0,0,NULL,1,NULL,NULL,1,NULL,NULL,0,NULL),
(4,       'test car 4',1931,1937,'',NULL,1,51365,0,0,1,'2016-11-25 18:31:47',6,5,NULL,NULL,1932,1937,NULL,0,0,0,NULL,1,NULL,NULL,1,NULL,NULL,0,NULL),
(5,       'test car 5',1984,1984,'',NULL,1,79927,0,0,1,'2016-11-25 18:31:47',7,4,NULL,NULL,1985,1984,NULL,0,0,0,NULL,1,NULL,NULL,1,NULL,NULL,0,NULL),
(6,       'test car 6',1908,1908,'',NULL,1,73949,0,0,0,'2016-11-25 18:31:47',4,9,NULL,NULL,1908,1908,NULL,0,0,0,NULL,1,NULL,NULL,1,NULL,NULL,0,NULL),
(7,       'test car 7',1997,1997,'',NULL,1,73664,0,0,1,'2016-11-25 18:31:47',1,12,NULL,NULL,1997,1997,NULL,0,0,0,NULL,1,NULL,NULL,1,NULL,NULL,0,NULL),
(8,       'test car 8',1915,1920,'',NULL,1,90611,0,0,1,'2016-11-25 18:31:47',2,5,NULL,NULL,1916,1920,NULL,0,0,0,NULL,1,NULL,NULL,1,NULL,NULL,0,NULL),
(9,       'test car 9',2007,2017,'',NULL,1,66221,1,0,1,'2016-11-25 18:31:47',5,12,NULL,NULL,2008,2017,NULL,0,0,0,NULL,1,NULL,NULL,1,NULL,NULL,0,NULL),
(10,     'test car 10',1914,1919,'',NULL,1,39531,1,0,1,'2016-11-25 18:31:47',5,12,NULL,NULL,1915,1919,NULL,0,0,0,NULL,1,NULL,NULL,1,NULL,NULL,0,NULL),
(11,     'test car 11',1941,1946,'',NULL,1, 2689,1,0,1,'2016-11-25 18:31:47',6,1,NULL,NULL,1942,1946,NULL,0,0,0,NULL,1,NULL,NULL,1,NULL,NULL,0,NULL),
(12,     'test car 12',1995,2005,'',NULL,1, 3852,0,0,1,'2016-11-25 18:31:47',2,5,NULL,NULL,1996,2005,NULL,0,0,0,NULL,1,NULL,NULL,1,NULL,NULL,0,NULL),
(13,     'test car 13',1946,1947,'',NULL,1,43108,1,0,0,'2016-11-25 18:31:47',7,7,NULL,NULL,1946,1947,NULL,0,0,0,NULL,1,NULL,NULL,1,NULL,NULL,0,NULL),
(14,     'test car 14',1998,2006,'',NULL,1,50167,1,0,1,'2016-11-25 18:31:47',10,7,NULL,NULL,1998,2006,NULL,0,0,0,NULL,1,NULL,NULL,1,NULL,NULL,0,NULL),
(15,     'test car 15',1963,1966,'',NULL,1,83109,1,0,1,'2016-11-25 18:31:47',2,7,NULL,NULL,1963,1966,NULL,0,0,0,NULL,1,NULL,NULL,1,NULL,NULL,0,NULL),
(16,     'test car 16',1973,1975,'',NULL,1,  629,0,0,1,'2016-11-25 18:31:47',11,8,NULL,NULL,1973,1975,NULL,0,0,0,NULL,1,NULL,NULL,1,NULL,NULL,0,NULL),
(17,     'test car 17',2001,2010,'',NULL,1,14989,1,0,0,'2016-11-25 18:31:47',7,3,NULL,NULL,2001,2010,NULL,0,0,0,NULL,1,NULL,NULL,1,NULL,NULL,0,NULL),
(18,     'test car 18',2011,2018,'',NULL,1,91731,0,0,1,'2016-11-25 18:31:47',4,8,NULL,NULL,2011,2018,NULL,0,0,0,NULL,1,NULL,NULL,1,NULL,NULL,0,NULL),
(19,     'test car 19',1931,1937,'',NULL,1,99928,1,0,0,'2016-11-25 18:31:47',1,11,NULL,NULL,1931,1937,NULL,0,0,0,NULL,1,NULL,NULL,1,NULL,NULL,0,NULL),
(20,     'test car 20',1951,1960,'',NULL,1,10416,1,0,0,'2016-11-25 18:31:47',9,11,NULL,NULL,1951,1960,NULL,0,0,0,NULL,1,NULL,NULL,1,NULL,NULL,0,NULL),
(21,     'test car 21',1908,1908,'',NULL,1,48926,0,0,0,'2016-11-25 18:31:47',10,5,NULL,NULL,1908,1908,NULL,0,0,0,NULL,1,NULL,NULL,1,NULL,NULL,0,NULL),
(22,     'test car 22',1965,1973,'',NULL,1,89032,0,0,1,'2016-11-25 18:31:47',7,4,NULL,NULL,1965,1973,NULL,0,0,0,NULL,1,NULL,NULL,1,NULL,NULL,0,NULL),
(23,     'test car 23',1970,1973,'',NULL,1,81666,0,0,0,'2016-11-25 18:31:47',5,1,NULL,NULL,1970,1973,NULL,0,0,0,NULL,1,NULL,NULL,1,NULL,NULL,0,NULL),
(24,     'test car 24',1955,1964,'',NULL,1,86179,0,0,0,'2016-11-25 18:31:47',9,12,NULL,NULL,1955,1964,NULL,0,0,0,NULL,1,NULL,NULL,1,NULL,NULL,0,NULL),
(25,     'test car 25',1970,1974,'',NULL,1,69277,1,0,1,'2016-11-25 18:31:47',1,12,NULL,NULL,1970,1974,NULL,0,0,0,NULL,1,NULL,NULL,1,NULL,NULL,0,NULL),
(26,     'test car 26',1931,1934,'',NULL,1,34539,1,0,1,'2016-11-25 18:31:47',11,11,NULL,NULL,1931,1934,NULL,0,0,0,NULL,1,NULL,NULL,1,NULL,NULL,0,NULL),
(27,     'test car 27',2005,2014,'',NULL,1,86922,1,0,1,'2016-11-25 18:31:47',7,11,NULL,NULL,2005,2014,NULL,0,0,0,NULL,1,NULL,NULL,1,NULL,NULL,0,NULL),
(28,     'test car 28',1948,1953,'',NULL,1,79648,0,0,1,'2016-11-25 18:31:47',10,8,NULL,NULL,1949,1953,NULL,0,0,0,NULL,1,NULL,NULL,1,NULL,NULL,0,NULL),
(29,     'test car 29',1985,1985,'',NULL,1, 5579,0,0,0,'2016-11-25 18:31:47',4,10,NULL,NULL,1986,1985,NULL,0,0,0,NULL,1,NULL,NULL,1,NULL,NULL,0,NULL),
(30,     'test car 30',1906,1916,'',NULL,1,90636,0,0,1,'2016-11-25 18:31:47',12,3,NULL,NULL,1907,1916,NULL,0,0,0,NULL,1,NULL,NULL,1,NULL,NULL,0,NULL),
(31,     'test car 31',1985,1988,'',NULL,1,30356,1,0,1,'2016-11-25 18:31:47',6,9,NULL,NULL,1986,1988,NULL,0,0,0,NULL,1,NULL,NULL,1,NULL,NULL,0,NULL),
(32,     'test car 32',2010,2010,'',NULL,1,48412,1,0,1,'2016-11-25 18:31:47',2,11,NULL,NULL,2011,2010,NULL,0,0,0,NULL,1,NULL,NULL,1,NULL,NULL,0,NULL),
(33,     'test car 33',2003,2008,'',NULL,1, 1648,1,0,0,'2016-11-25 18:31:47',1,10,NULL,NULL,2004,2008,NULL,0,0,0,NULL,1,NULL,NULL,1,NULL,NULL,0,NULL),
(34,     'test car 34',1943,1951,'',NULL,1,61029,1,0,0,'2016-11-25 18:31:47',12,4,NULL,NULL,1944,1951,NULL,0,0,0,NULL,1,NULL,NULL,1,NULL,NULL,0,NULL),
(35,     'test car 35',2005,2011,'',NULL,1,39854,0,0,0,'2016-11-25 18:31:47',8,8,NULL,NULL,2006,2011,NULL,0,0,0,NULL,1,NULL,NULL,1,NULL,NULL,0,NULL),
(36,     'test car 36',2015,2018,'',NULL,1,14150,1,0,1,'2016-11-25 18:31:47',10,12,NULL,NULL,2016,2018,NULL,0,0,0,NULL,1,NULL,NULL,1,NULL,NULL,0,NULL),
(37,     'test car 37',1972,1977,'',NULL,1,74150,0,0,1,'2016-11-25 18:31:47',5,8,NULL,NULL,1973,1977,NULL,0,0,0,NULL,1,NULL,NULL,1,NULL,NULL,0,NULL),
(38,     'test car 38',1940,1947,'',NULL,1,  345,0,0,1,'2016-11-25 18:31:47',12,8,NULL,NULL,1940,1947,NULL,0,0,0,NULL,1,NULL,NULL,1,NULL,NULL,0,NULL),
(39,     'test car 39',1999,2009,'',NULL,1,39394,0,0,1,'2016-11-25 18:31:47',6,4,NULL,NULL,1999,2009,NULL,0,0,0,NULL,1,NULL,NULL,1,NULL,NULL,0,NULL),
(40,     'test car 40',1994,1994,'',NULL,1, 9381,1,0,0,'2016-11-25 18:31:47',5,11,NULL,NULL,1995,1994,NULL,0,0,0,NULL,1,NULL,NULL,1,NULL,NULL,0,NULL),
(41,     'test car 41',1966,1970,'',NULL,1,19488,0,0,0,'2016-11-25 18:31:47',6,5,NULL,NULL,1966,1970,NULL,0,0,0,NULL,1,NULL,NULL,1,NULL,NULL,0,NULL),
(42,     'test car 42',1916,1916,'',NULL,1,12317,0,0,1,'2016-11-25 18:31:47',4,12,NULL,NULL,1916,1916,NULL,0,0,0,NULL,1,NULL,NULL,1,NULL,NULL,0,NULL),
(43,     'test car 43',1931,1941,'',NULL,1,33576,1,0,0,'2016-11-25 18:31:47',1,8,NULL,NULL,1931,1941,NULL,0,0,0,NULL,1,NULL,NULL,1,NULL,NULL,0,NULL),
(44,     'test car 44',2013,2022,'',NULL,1,67233,1,0,1,'2016-11-25 18:31:47',7,9,NULL,NULL,2013,2022,NULL,0,0,0,NULL,1,NULL,NULL,1,NULL,NULL,0,NULL),
(45,     'test car 45',2015,2023,'',NULL,1,31369,1,0,0,'2016-11-25 18:31:47',6,8,NULL,NULL,2015,2023,NULL,0,0,0,NULL,1,NULL,NULL,1,NULL,NULL,0,NULL),
(46,     'test car 46',1966,1972,'',NULL,1,48828,0,0,0,'2016-11-25 18:31:47',2,12,NULL,NULL,1967,1972,NULL,0,0,0,NULL,1,NULL,NULL,1,NULL,NULL,0,NULL),
(47,     'test car 47',1910,1915,'',NULL,1,12491,0,0,0,'2016-11-25 18:31:47',6,10,NULL,NULL,1910,1915,NULL,0,0,0,NULL,1,NULL,NULL,1,NULL,NULL,0,NULL),
(48,     'test car 48',1933,1934,'',NULL,1,80426,0,0,0,'2016-11-25 18:31:47',7,9,NULL,NULL,1933,1934,NULL,0,0,0,NULL,1,NULL,NULL,1,NULL,NULL,0,NULL),
(49,     'test car 49',1992,1996,'',NULL,1,81731,0,0,0,'2016-11-25 18:31:47',5,8,NULL,NULL,1992,1996,NULL,0,0,0,NULL,1,NULL,NULL,1,NULL,NULL,0,NULL),
(50,     'test car 50',1962,1971,'',NULL,1,69462,0,0,1,'2016-11-25 18:31:47',4,3,NULL,NULL,1963,1971,NULL,0,0,0,NULL,1,NULL,NULL,1,NULL,NULL,0,NULL),
(51,     'test car 51',1944,1954,'',NULL,1,98610,0,0,1,'2016-11-25 18:31:47',12,3,NULL,NULL,1945,1954,NULL,0,0,0,NULL,1,NULL,NULL,1,NULL,NULL,0,NULL),
(52,     'test car 52',2008,2016,'',NULL,1,97334,1,0,1,'2016-11-25 18:31:47',9,12,NULL,NULL,2009,2016,NULL,0,0,0,NULL,1,NULL,NULL,1,NULL,NULL,0,NULL),
(53,     'test car 53',2011,2016,'',NULL,1,71675,1,0,0,'2016-11-25 18:31:47',10,10,NULL,NULL,2012,2016,NULL,0,0,0,NULL,1,NULL,NULL,1,NULL,NULL,0,NULL),
(54,     'test car 54',1993,1994,'',NULL,1,62097,0,0,1,'2016-11-25 18:31:47',9,3,NULL,NULL,1993,1994,NULL,0,0,0,NULL,1,NULL,NULL,1,NULL,NULL,0,NULL),
(55,     'test car 55',1904,1910,'',NULL,1, 7350,0,0,0,'2016-11-25 18:31:47',3,3,NULL,NULL,1904,1910,NULL,0,0,0,NULL,1,NULL,NULL,1,NULL,NULL,0,NULL),
(56,     'test car 56',1993,1993,'',NULL,1,36391,1,0,0,'2016-11-25 18:31:47',11,4,NULL,NULL,1993,1993,NULL,0,0,0,NULL,1,NULL,NULL,1,NULL,NULL,0,NULL),
(57,     'test car 57',2002,2003,'',NULL,1,85544,1,0,1,'2016-11-25 18:31:47',11,1,NULL,NULL,2002,2003,NULL,0,0,0,NULL,1,NULL,NULL,1,NULL,NULL,0,NULL),
(58,     'test car 58',1988,1997,'',NULL,1,38016,1,0,1,'2016-11-25 18:31:47',5,12,NULL,NULL,1989,1997,NULL,0,0,0,NULL,1,NULL,NULL,1,NULL,NULL,0,NULL),
(59,     'test car 59',1976,1978,'',NULL,1,97259,1,0,1,'2016-11-25 18:31:47',8,3,NULL,NULL,1976,1978,NULL,0,0,0,NULL,1,NULL,NULL,1,NULL,NULL,0,NULL),
(60,     'test car 60',2007,2016,'',NULL,1,77916,1,0,0,'2016-11-25 18:31:47',3,11,NULL,NULL,2007,2016,NULL,0,0,0,NULL,1,NULL,NULL,1,NULL,NULL,0,NULL),
(61,     'test car 61',1901,1907,'',NULL,1,48024,1,0,0,'2016-11-25 18:31:47',12,8,NULL,NULL,1901,1907,NULL,0,0,0,NULL,1,NULL,NULL,1,NULL,NULL,0,NULL),
(62,     'test car 62',1921,1922,'',NULL,1,76140,1,0,1,'2016-11-25 18:31:47',10,10,NULL,NULL,1921,1922,NULL,0,0,0,NULL,1,NULL,NULL,1,NULL,NULL,0,NULL),
(63,     'test car 63',1930,1937,'',NULL,1,17742,1,0,1,'2016-11-25 18:31:47',11,3,NULL,NULL,1930,1937,NULL,0,0,0,NULL,1,NULL,NULL,1,NULL,NULL,0,NULL),
(64,     'test car 64',1934,1936,'',NULL,1,96362,0,0,0,'2016-11-25 18:31:47',10,11,NULL,NULL,1935,1936,NULL,0,0,0,NULL,1,NULL,NULL,1,NULL,NULL,0,NULL),
(65,     'test car 65',1905,1906,'',NULL,1,64221,1,0,0,'2016-11-25 18:31:47',12,1,NULL,NULL,1905,1906,NULL,0,0,0,NULL,1,NULL,NULL,1,NULL,NULL,0,NULL),
(66,     'test car 66',2011,2020,'',NULL,1,76409,1,0,0,'2016-11-25 18:31:47',3,6,NULL,NULL,2012,2020,NULL,0,0,0,NULL,1,NULL,NULL,1,NULL,NULL,0,NULL),
(67,     'test car 67',1910,1910,'',NULL,1,34090,0,0,1,'2016-11-25 18:31:47',4,5,NULL,NULL,1911,1910,NULL,0,0,0,NULL,1,NULL,NULL,1,NULL,NULL,0,NULL),
(68,     'test car 68',1926,1930,'',NULL,1, 2520,0,0,1,'2016-11-25 18:31:47',11,9,NULL,NULL,1927,1930,NULL,0,0,0,NULL,1,NULL,NULL,1,NULL,NULL,0,NULL),
(69,     'test car 69',1953,1963,'',NULL,1,27948,1,0,0,'2016-11-25 18:31:47',2,2,NULL,NULL,1954,1963,NULL,0,0,0,NULL,1,NULL,NULL,1,NULL,NULL,0,NULL),
(70,     'test car 70',1979,1983,'',NULL,1,81677,0,0,0,'2016-11-25 18:31:47',12,10,NULL,NULL,1980,1983,NULL,0,0,0,NULL,1,NULL,NULL,1,NULL,NULL,0,NULL),
(71,     'test car 71',1981,1981,'',NULL,1,78568,0,0,0,'2016-11-25 18:31:47',2,1,NULL,NULL,1981,1981,NULL,0,0,0,NULL,1,NULL,NULL,1,NULL,NULL,0,NULL),
(72,     'test car 72',1991,1993,'',NULL,1,67998,0,0,0,'2016-11-25 18:31:47',8,3,NULL,NULL,1991,1993,NULL,0,0,0,NULL,1,NULL,NULL,1,NULL,NULL,0,NULL),
(73,     'test car 73',1930,1934,'',NULL,1,16943,0,0,1,'2016-11-25 18:31:47',10,3,NULL,NULL,1930,1934,NULL,0,0,0,NULL,1,NULL,NULL,1,NULL,NULL,0,NULL),
(74,     'test car 74',1994,2003,'',NULL,1,27821,0,0,0,'2016-11-25 18:31:47',10,6,NULL,NULL,1994,2003,NULL,0,0,0,NULL,1,NULL,NULL,1,NULL,NULL,0,NULL),
(75,     'test car 75',1923,1923,'',NULL,1, 5835,1,0,0,'2016-11-25 18:31:47',9,11,NULL,NULL,1923,1923,NULL,0,0,0,NULL,1,NULL,NULL,1,NULL,NULL,0,NULL),
(76,     'test car 76',1988,1991,'',NULL,1,49514,1,0,1,'2016-11-25 18:31:47',10,5,NULL,NULL,1989,1991,NULL,0,0,0,NULL,1,NULL,NULL,1,NULL,NULL,0,NULL),
(77,     'test car 77',1988,1991,'',NULL,1,65243,1,0,0,'2016-11-25 18:31:47',7,8,NULL,NULL,1989,1991,NULL,0,0,0,NULL,1,NULL,NULL,1,NULL,NULL,0,NULL),
(78,     'test car 78',1943,1952,'',NULL,1,36858,1,0,0,'2016-11-25 18:31:47',1,7,NULL,NULL,1944,1952,NULL,0,0,0,NULL,1,NULL,NULL,1,NULL,NULL,0,NULL),
(79,     'test car 79',1966,1967,'',NULL,1,27707,1,0,0,'2016-11-25 18:31:47',7,5,NULL,NULL,1967,1967,NULL,0,0,0,NULL,1,NULL,NULL,1,NULL,NULL,0,NULL),
(80,     'test car 80',1984,1984,'',NULL,1,90039,0,0,0,'2016-11-25 18:31:47',10,9,NULL,NULL,1984,1984,NULL,0,0,0,NULL,1,NULL,NULL,1,NULL,NULL,0,NULL),
(81,     'test car 81',1946,1948,'',NULL,1,32911,1,0,1,'2016-11-25 18:31:47',4,6,NULL,NULL,1946,1948,NULL,0,0,0,NULL,1,NULL,NULL,1,NULL,NULL,0,NULL),
(82,     'test car 82',1942,1951,'',NULL,1,83884,0,0,1,'2016-11-25 18:31:47',9,11,NULL,NULL,1942,1951,NULL,0,0,0,NULL,1,NULL,NULL,1,NULL,NULL,0,NULL),
(83,     'test car 83',1968,1974,'',NULL,1,51898,0,0,0,'2016-11-25 18:31:47',1,7,NULL,NULL,1969,1974,NULL,0,0,0,NULL,1,NULL,NULL,1,NULL,NULL,0,NULL),
(84,     'test car 84',1996,2006,'',NULL,1,56033,1,0,1,'2016-11-25 18:31:47',10,5,NULL,NULL,1996,2006,NULL,0,0,0,NULL,1,NULL,NULL,1,NULL,NULL,0,NULL),
(85,     'test car 85',1970,1980,'',NULL,1,78847,0,0,0,'2016-11-25 18:31:47',1,4,NULL,NULL,1971,1980,NULL,0,0,0,NULL,1,NULL,NULL,1,NULL,NULL,0,NULL),
(86,     'test car 86',1928,1932,'',NULL,1,88307,1,0,1,'2016-11-25 18:31:47',6,6,NULL,NULL,1928,1932,NULL,0,0,0,NULL,1,NULL,NULL,1,NULL,NULL,0,NULL),
(87,     'test car 87',1904,1911,'',NULL,1,96877,0,0,0,'2016-11-25 18:31:47',3,7,NULL,NULL,1905,1911,NULL,0,0,0,NULL,1,NULL,NULL,1,NULL,NULL,0,NULL),
(88,     'test car 88',1995,2001,'',NULL,1,41250,0,0,0,'2016-11-25 18:31:47',4,6,NULL,NULL,1995,2001,NULL,0,0,0,NULL,1,NULL,NULL,1,NULL,NULL,0,NULL),
(89,     'test car 89',1960,1967,'',NULL,1,35858,0,0,1,'2016-11-25 18:31:47',9,8,NULL,NULL,1960,1967,NULL,0,0,0,NULL,1,NULL,NULL,1,NULL,NULL,0,NULL),
(90,     'test car 90',1954,1958,'',NULL,1, 9110,1,0,1,'2016-11-25 18:31:47',12,7,NULL,NULL,1954,1958,NULL,0,0,0,NULL,1,NULL,NULL,1,NULL,NULL,0,NULL),
(91,     'test car 91',1990,2000,'',NULL,1,66048,1,0,1,'2016-11-25 18:31:47',3,2,NULL,NULL,1991,2000,NULL,0,0,0,NULL,1,NULL,NULL,1,NULL,NULL,0,NULL),
(92,     'test car 92',1907,1909,'',NULL,1,77032,1,0,1,'2016-11-25 18:31:47',4,6,NULL,NULL,1908,1909,NULL,0,0,0,NULL,1,NULL,NULL,1,NULL,NULL,0,NULL),
(93,     'test car 93',1956,1958,'',NULL,1,96789,1,0,0,'2016-11-25 18:31:47',4,8,NULL,NULL,1957,1958,NULL,0,0,0,NULL,1,NULL,NULL,1,NULL,NULL,0,NULL),
(94,     'test car 94',1976,1984,'',NULL,1,83543,1,0,1,'2016-11-25 18:31:47',1,12,NULL,NULL,1977,1984,NULL,0,0,0,NULL,1,NULL,NULL,1,NULL,NULL,0,NULL),
(95,     'test car 95',1927,1936,'',NULL,1,20953,0,0,0,'2016-11-25 18:31:47',3,9,NULL,NULL,1927,1936,NULL,0,0,0,NULL,1,NULL,NULL,1,NULL,NULL,0,NULL),
(96,     'test car 96',1994,2001,'',NULL,1,43642,0,0,0,'2016-11-25 18:31:47',4,4,NULL,NULL,1994,2001,NULL,0,0,0,NULL,1,NULL,NULL,1,NULL,NULL,0,NULL),
(97,     'test car 97',1993,1994,'',NULL,1,29203,0,0,1,'2016-11-25 18:31:47',8,7,NULL,NULL,1993,1994,NULL,0,0,0,NULL,1,NULL,NULL,1,NULL,NULL,0,NULL),
(98,     'test car 98',1959,1964,'',NULL,1,85957,1,0,1,'2016-11-25 18:31:47',10,7,NULL,NULL,1959,1964,NULL,0,0,0,NULL,1,NULL,NULL,1,NULL,NULL,0,NULL),
(99,     'test car 99',1911,1918,'',NULL,1,92830,1,0,1,'2016-11-25 18:31:47',11,2,NULL,NULL,1912,1918,NULL,0,0,0,NULL,1,NULL,NULL,1,NULL,NULL,0,NULL),
(100,   'test car 100',1929,1937,'',NULL,1,32396,0,0,1,'2016-11-25 18:31:47',6,11,NULL,NULL,1929,1937,NULL,0,0,0,NULL,1,NULL,NULL,1,NULL,NULL,0,NULL),
(101,   'test car 101',1906,1915,'',NULL,1,28241,1,0,1,'2016-11-25 18:31:47',8,2,NULL,NULL,1906,1915,NULL,0,0,0,NULL,1,NULL,NULL,1,NULL,NULL,0,NULL),
(102,   'test car 102',1961,1965,'',NULL,1,32358,1,0,0,'2016-11-25 18:31:47',5,11,NULL,NULL,1961,1965,NULL,0,0,0,NULL,1,NULL,NULL,1,NULL,NULL,0,NULL),
(103,   'test car 103',1992,1998,'',NULL,1,47866,0,0,1,'2016-11-25 18:31:47',10,11,NULL,NULL,1992,1998,NULL,0,0,0,NULL,1,NULL,NULL,1,NULL,NULL,0,NULL),
(104,   'test car 104',2002,2007,'',NULL,1,98313,0,0,1,'2016-11-25 18:31:47',3,3,NULL,NULL,2003,2007,NULL,0,0,0,NULL,1,NULL,NULL,1,NULL,NULL,0,NULL),
(105,   'test car 105',2007,2012,'',NULL,1,31807,0,0,0,'2016-11-25 18:31:47',1,12,NULL,NULL,2008,2012,NULL,0,0,0,NULL,1,NULL,NULL,1,NULL,NULL,0,NULL),
(106,   'test car 106',1924,1925,'',NULL,1,39700,1,0,0,'2016-11-25 18:31:47',9,7,NULL,NULL,1925,1925,NULL,0,0,0,NULL,1,NULL,NULL,1,NULL,NULL,0,NULL),
(107,   'test car 107',1973,1976,'',NULL,1,29300,1,0,0,'2016-11-25 18:31:47',5,11,NULL,NULL,1974,1976,NULL,0,0,0,NULL,1,NULL,NULL,1,NULL,NULL,0,NULL),
(108,   'test car 108',1963,1965,'',NULL,1,33230,1,0,1,'2016-11-25 18:31:47',12,6,NULL,NULL,1963,1965,NULL,0,0,0,NULL,1,NULL,NULL,1,NULL,NULL,0,NULL),
(109,   'test car 109',2012,2017,'',NULL,1,84894,1,0,1,'2016-11-25 18:31:47',6,6,NULL,NULL,2013,2017,NULL,0,0,0,NULL,1,NULL,NULL,1,NULL,NULL,0,NULL),
(110,   'test car 110',1994,1999,'',NULL,1, 4799,1,0,0,'2016-11-25 18:31:47',12,9,NULL,NULL,1994,1999,NULL,0,0,0,NULL,1,NULL,NULL,1,NULL,NULL,0,NULL),
(111,   'test car 111',2011,2017,'',NULL,1,72861,1,0,0,'2016-11-25 18:31:47',1,4,NULL,NULL,2011,2017,NULL,0,0,0,NULL,1,NULL,NULL,1,NULL,NULL,0,NULL),
(112,   'test car 112',1933,1940,'',NULL,1,29156,0,0,1,'2016-11-25 18:31:47',6,8,NULL,NULL,1933,1940,NULL,0,0,0,NULL,1,NULL,NULL,1,NULL,NULL,0,NULL),
(113,   'test car 113',1994,1995,'',NULL,1,18190,1,0,0,'2016-11-25 18:31:47',2,12,NULL,NULL,1995,1995,NULL,0,0,0,NULL,1,NULL,NULL,1,NULL,NULL,0,NULL),
(114,   'test car 114',1917,1918,'',NULL,1,12005,0,0,1,'2016-11-25 18:31:47',8,5,NULL,NULL,1917,1918,NULL,0,0,0,NULL,1,NULL,NULL,1,NULL,NULL,0,NULL),
(115,   'test car 115',1948,1952,'',NULL,1,23053,0,0,0,'2016-11-25 18:31:47',4,1,NULL,NULL,1949,1952,NULL,0,0,0,NULL,1,NULL,NULL,1,NULL,NULL,0,NULL),
(116,   'test car 116',1982,1982,'',NULL,1, 7882,1,0,1,'2016-11-25 18:31:47',12,10,NULL,NULL,1983,1982,NULL,1,0,0,NULL,1,NULL,NULL,1,NULL,NULL,0,NULL),
(117,   'test car 117',2011,2013,'',NULL,1,40957,0,0,1,'2016-11-25 18:31:47',8,3,NULL,NULL,2012,2013,NULL,0,0,0,NULL,1,NULL,NULL,1,NULL,NULL,0,NULL),
(118,   'test car 118',1904,1913,'',NULL,1,56069,0,0,0,'2016-11-25 18:31:47',4,2,NULL,NULL,1905,1913,NULL,0,0,0,NULL,1,NULL,NULL,1,NULL,NULL,0,NULL),
(119,   'test car 119',1996,1999,'',NULL,1,36003,0,0,1,'2016-11-25 18:31:47',5,3,NULL,NULL,1996,1999,NULL,0,0,0,NULL,1,NULL,NULL,1,NULL,NULL,0,NULL),
(120,   'test car 120',1982,1985,'',NULL,1, 6099,1,0,0,'2016-11-25 18:31:47',2,6,NULL,NULL,1983,1985,NULL,0,0,0,NULL,1,NULL,NULL,1,NULL,NULL,0,NULL),
(121,   'test car 121',1942,1943,'',NULL,1,57558,1,0,0,'2016-11-25 18:31:47',2,5,NULL,NULL,1942,1943,NULL,0,0,0,NULL,1,NULL,NULL,1,NULL,NULL,0,NULL),
(122,   'test car 122',1943,1947,'',NULL,1,92587,1,0,1,'2016-11-25 18:31:47',3,2,NULL,NULL,1944,1947,NULL,0,0,0,NULL,1,NULL,NULL,1,NULL,NULL,0,NULL),
(123,   'test car 123',1926,1932,'',NULL,1,79172,1,0,1,'2016-11-25 18:31:47',9,11,NULL,NULL,1927,1932,NULL,0,0,0,NULL,1,NULL,NULL,1,NULL,NULL,0,NULL),
(124,   'test car 124',1983,1984,'',NULL,1,  812,0,0,1,'2016-11-25 18:31:47',12,6,NULL,NULL,1983,1984,NULL,0,0,0,NULL,1,NULL,NULL,1,NULL,NULL,0,NULL),
(125,   'test car 125',1970,1974,'',NULL,1,11369,1,0,0,'2016-11-25 18:31:47',3,1,NULL,NULL,1971,1974,NULL,0,0,0,NULL,1,NULL,NULL,1,NULL,NULL,0,NULL),
(126,   'test car 126',1997,2000,'',NULL,1,92630,0,0,1,'2016-11-25 18:31:47',1,5,NULL,NULL,1998,2000,NULL,0,0,0,NULL,1,NULL,NULL,1,NULL,NULL,0,NULL),
(127,   'test car 127',2004,2011,'',NULL,1,23922,1,0,1,'2016-11-25 18:31:47',8,11,NULL,NULL,2005,2011,NULL,0,0,0,NULL,1,NULL,NULL,1,NULL,NULL,0,NULL),
(128,   'test car 128',1968,1977,'',NULL,1,76249,0,0,1,'2016-11-25 18:31:47',6,3,NULL,NULL,1968,1977,NULL,0,0,0,NULL,1,NULL,NULL,1,NULL,NULL,0,NULL),
(129,   'test car 129',1979,1985,'',NULL,1,77277,0,0,1,'2016-11-25 18:31:47',10,4,NULL,NULL,1979,1985,NULL,0,0,0,NULL,1,NULL,NULL,1,NULL,NULL,0,NULL),
(130,   'test car 130',2003,2010,'',NULL,1,46842,0,0,1,'2016-11-25 18:31:47',12,11,NULL,NULL,2003,2010,NULL,0,0,0,NULL,1,NULL,NULL,1,NULL,NULL,0,NULL),
(131,   'test car 131',1949,1949,'',NULL,1,34967,1,0,0,'2016-11-25 18:31:47',8,3,NULL,NULL,1950,1949,NULL,0,0,0,NULL,1,NULL,NULL,1,NULL,NULL,0,NULL),
(132,   'test car 132',1982,1982,'',NULL,1,50011,1,0,1,'2016-11-25 18:31:47',10,3,NULL,NULL,1982,1982,NULL,0,0,0,NULL,1,NULL,NULL,1,NULL,NULL,0,NULL),
(133,   'test car 133',2004,2008,'',NULL,1,78284,0,0,0,'2016-11-25 18:31:47',4,9,NULL,NULL,2005,2008,NULL,0,0,0,NULL,1,NULL,NULL,1,NULL,NULL,0,NULL),
(134,   'test car 134',1965,1967,'',NULL,1,74228,0,0,0,'2016-11-25 18:31:47',5,2,NULL,NULL,1965,1967,NULL,0,0,0,NULL,1,NULL,NULL,1,NULL,NULL,0,NULL),
(135,   'test car 135',1902,1906,'',NULL,1,47874,1,0,0,'2016-11-25 18:31:47',10,5,NULL,NULL,1903,1906,NULL,0,0,0,NULL,1,NULL,NULL,1,NULL,NULL,0,NULL),
(136,   'test car 136',1907,1911,'',NULL,1,37818,1,0,1,'2016-11-25 18:31:47',11,12,NULL,NULL,1908,1911,NULL,0,0,0,NULL,1,NULL,NULL,1,NULL,NULL,0,NULL),
(137,   'test car 137',1917,1927,'',NULL,1,  651,1,0,1,'2016-11-25 18:31:47',11,10,NULL,NULL,1917,1927,NULL,0,0,0,NULL,1,NULL,NULL,1,NULL,NULL,0,NULL),
(138,   'test car 138',1904,1904,'',NULL,1,95000,1,1,1,'2016-11-25 18:31:47',11,5,NULL,NULL,1905,1904,NULL,0,0,0,NULL,1,NULL,NULL,1,NULL,NULL,0,NULL),
(139,   'test car 139',1994,1994,'',NULL,1,35767,0,0,1,'2016-11-25 18:31:47',6,12,NULL,NULL,1994,1994,NULL,0,0,0,NULL,1,NULL,NULL,1,NULL,NULL,0,NULL),
(140,   'test car 140',1960,1965,'',NULL,1,30649,0,0,1,'2016-11-25 18:31:47',9,6,NULL,NULL,1961,1965,NULL,0,0,0,NULL,1,NULL,NULL,1,NULL,NULL,0,NULL),
(141,   'test car 141',1932,1935,'',NULL,1,99928,0,0,0,'2016-11-25 18:31:47',1,2,NULL,NULL,1932,1935,NULL,0,0,0,NULL,1,NULL,NULL,1,NULL,NULL,0,NULL),
(142,   'test car 142',1914,1922,'',NULL,1,60864,0,0,1,'2016-11-25 18:31:47',11,10,NULL,NULL,1914,1922,NULL,0,0,0,NULL,1,NULL,NULL,1,NULL,NULL,0,NULL),
(143,   'test car 143',1924,1925,'',NULL,1,31250,1,0,0,'2016-11-25 18:31:47',7,3,NULL,NULL,1925,1925,NULL,0,0,0,NULL,1,NULL,NULL,1,NULL,NULL,0,NULL),
(144,   'test car 144',1956,1962,'',NULL,1, 5217,1,0,0,'2016-11-25 18:31:47',10,12,NULL,NULL,1957,1962,NULL,0,0,0,NULL,1,NULL,NULL,1,NULL,NULL,0,NULL),
(145,   'test car 145',1916,1917,'',NULL,1,56843,1,0,0,'2016-11-25 18:31:47',9,2,NULL,NULL,1916,1917,NULL,0,0,0,NULL,1,NULL,NULL,1,NULL,NULL,0,NULL),
(146,   'test car 146',1953,1961,'',NULL,1,57739,0,0,1,'2016-11-25 18:31:47',7,9,NULL,NULL,1953,1961,NULL,0,0,0,NULL,1,NULL,NULL,1,NULL,NULL,0,NULL),
(147,   'test car 147',1907,1907,'',NULL,1,52175,1,0,0,'2016-11-25 18:31:47',6,9,NULL,NULL,1908,1907,NULL,1,0,0,NULL,1,NULL,NULL,1,NULL,NULL,0,NULL),
(148,   'test car 148',1901,1908,'',NULL,1,83318,0,0,0,'2016-11-25 18:31:47',7,7,NULL,NULL,1902,1908,NULL,0,0,0,NULL,1,NULL,NULL,1,NULL,NULL,0,NULL),
(149,   'test car 149',1993,1996,'',NULL,1,68020,1,0,0,'2016-11-25 18:31:47',2,3,NULL,NULL,1994,1996,NULL,0,0,0,NULL,1,NULL,NULL,1,NULL,NULL,0,NULL),
(150,   'test car 150',1913,1921,'',NULL,1,87949,1,0,0,'2016-11-25 18:31:47',11,3,NULL,NULL,1914,1921,NULL,0,0,0,NULL,1,NULL,NULL,1,NULL,NULL,0,NULL),
(151,   'test car 151',1929,1938,'',NULL,1,38619,1,0,0,'2016-11-25 18:31:47',4,9,NULL,NULL,1929,1938,NULL,0,0,0,NULL,1,NULL,NULL,1,NULL,NULL,0,NULL),
(152,   'test car 152',1942,1944,'',NULL,1,38831,0,0,0,'2016-11-25 18:31:47',4,5,NULL,NULL,1942,1944,NULL,0,0,0,NULL,1,NULL,NULL,1,NULL,NULL,0,NULL),
(153,   'test car 153',1998,2003,'',NULL,1,99622,0,0,0,'2016-11-25 18:31:47',7,7,NULL,NULL,1999,2003,NULL,0,0,0,NULL,1,NULL,NULL,1,NULL,NULL,0,NULL),
(154,   'test car 154',1915,1917,'',NULL,1,30791,0,0,0,'2016-11-25 18:31:47',1,11,NULL,NULL,1916,1917,NULL,0,0,0,NULL,1,NULL,NULL,1,NULL,NULL,0,NULL),
(155,   'test car 155',1989,1996,'',NULL,1,37656,0,0,0,'2016-11-25 18:31:47',4,12,NULL,NULL,1990,1996,NULL,0,0,0,NULL,1,NULL,NULL,1,NULL,NULL,0,NULL),
(156,   'test car 156',1946,1948,'',NULL,1,44604,1,0,0,'2016-11-25 18:31:47',1,10,NULL,NULL,1946,1948,NULL,0,0,0,NULL,1,NULL,NULL,1,NULL,NULL,0,NULL),
(157,   'test car 157',2005,2011,'',NULL,1,69810,1,0,1,'2016-11-25 18:31:47',6,4,NULL,NULL,2005,2011,NULL,0,0,0,NULL,1,NULL,NULL,1,NULL,NULL,0,NULL),
(158,   'test car 158',1920,1925,'',NULL,1,49364,0,0,0,'2016-11-25 18:31:47',3,11,NULL,NULL,1921,1925,NULL,0,0,0,NULL,1,NULL,NULL,1,NULL,NULL,0,NULL),
(159,   'test car 159',1940,1949,'',NULL,1,89837,1,0,1,'2016-11-25 18:31:47',6,3,NULL,NULL,1940,1949,NULL,0,0,0,NULL,1,NULL,NULL,1,NULL,NULL,0,NULL),
(160,   'test car 160',1978,1986,'',NULL,1,27525,1,0,0,'2016-11-25 18:31:47',4,3,NULL,NULL,1979,1986,NULL,0,0,0,NULL,1,NULL,NULL,1,NULL,NULL,0,NULL),
(161,   'test car 161',2005,2010,'',NULL,1,51032,1,0,1,'2016-11-25 18:31:47',6,5,NULL,NULL,2005,2010,NULL,0,0,0,NULL,1,NULL,NULL,1,NULL,NULL,0,NULL),
(162,   'test car 162',1928,1937,'',NULL,1,77256,0,0,0,'2016-11-25 18:31:47',11,3,NULL,NULL,1929,1937,NULL,1,0,0,NULL,1,NULL,NULL,1,NULL,NULL,0,NULL),
(163,   'test car 163',1997,2001,'',NULL,1,24535,1,0,0,'2016-11-25 18:31:47',12,5,NULL,NULL,1997,2001,NULL,0,0,0,NULL,1,NULL,NULL,1,NULL,NULL,0,NULL),
(164,   'test car 164',1925,1926,'',NULL,1,13995,1,0,1,'2016-11-25 18:31:47',3,1,NULL,NULL,1926,1926,NULL,0,0,0,NULL,1,NULL,NULL,1,NULL,NULL,0,NULL),
(165,   'test car 165',1960,1964,'',NULL,1,64585,1,0,0,'2016-11-25 18:31:47',6,2,NULL,NULL,1960,1964,NULL,0,0,0,NULL,1,NULL,NULL,1,NULL,NULL,0,NULL),
(166,   'test car 166',1948,1953,'',NULL,1,83250,0,0,1,'2016-11-25 18:31:47',6,3,NULL,NULL,1948,1953,NULL,0,0,0,NULL,1,NULL,NULL,1,NULL,NULL,0,NULL),
(167,   'test car 167',1968,1968,'',NULL,1,63721,0,0,1,'2016-11-25 18:31:47',12,11,NULL,NULL,1969,1968,NULL,0,0,0,NULL,1,NULL,NULL,1,NULL,NULL,0,NULL),
(168,   'test car 168',1930,1931,'',NULL,1,88340,1,0,1,'2016-11-25 18:31:47',7,2,NULL,NULL,1931,1931,NULL,0,0,0,NULL,1,NULL,NULL,1,NULL,NULL,0,NULL),
(169,   'test car 169',1951,1954,'',NULL,1,73137,0,0,1,'2016-11-25 18:31:47',10,4,NULL,NULL,1952,1954,NULL,0,0,0,NULL,1,NULL,NULL,1,NULL,NULL,0,NULL),
(170,   'test car 170',1934,1937,'',NULL,1,50811,1,0,1,'2016-11-25 18:31:47',10,11,NULL,NULL,1935,1937,NULL,0,0,0,NULL,1,NULL,NULL,1,NULL,NULL,0,NULL),
(171,   'test car 171',2005,2013,'',NULL,1,64062,1,0,1,'2016-11-25 18:31:47',2,11,NULL,NULL,2005,2013,NULL,0,0,0,NULL,1,NULL,NULL,1,NULL,NULL,0,NULL),
(172,   'test car 172',1940,1940,'',NULL,1,47267,0,0,0,'2016-11-25 18:31:47',8,5,NULL,NULL,1941,1940,NULL,0,0,0,NULL,1,NULL,NULL,1,NULL,NULL,0,NULL),
(173,   'test car 173',1932,1940,'',NULL,1,37812,1,0,1,'2016-11-25 18:31:47',6,4,NULL,NULL,1932,1940,NULL,0,0,0,NULL,1,NULL,NULL,1,NULL,NULL,0,NULL),
(174,   'test car 174',1911,1914,'',NULL,1,58402,1,0,0,'2016-11-25 18:31:47',1,11,NULL,NULL,1912,1914,NULL,0,0,0,NULL,1,NULL,NULL,1,NULL,NULL,0,NULL),
(175,   'test car 175',1925,1935,'',NULL,1,63615,0,0,1,'2016-11-25 18:31:47',6,11,NULL,NULL,1925,1935,NULL,0,0,0,NULL,1,NULL,NULL,1,NULL,NULL,0,NULL),
(176,   'test car 176',1911,1921,'',NULL,1,43197,0,0,1,'2016-11-25 18:31:47',11,1,NULL,NULL,1912,1921,NULL,0,0,0,NULL,1,NULL,NULL,1,NULL,NULL,0,NULL),
(177,   'test car 177',1949,1954,'',NULL,1,78699,1,0,0,'2016-11-25 18:31:47',4,12,NULL,NULL,1950,1954,NULL,0,0,0,NULL,1,NULL,NULL,1,NULL,NULL,0,NULL),
(178,   'test car 178',1981,1981,'',NULL,1,  391,0,0,0,'2016-11-25 18:31:47',1,10,NULL,NULL,1981,1981,NULL,0,0,0,NULL,1,NULL,NULL,1,NULL,NULL,0,NULL),
(179,   'test car 179',1967,1968,'',NULL,1,35593,0,0,1,'2016-11-25 18:31:47',9,8,NULL,NULL,1968,1968,NULL,0,0,0,NULL,1,NULL,NULL,1,NULL,NULL,0,NULL),
(180,   'test car 180',1915,1923,'',NULL,1 ,5430,1,0,1,'2016-11-25 18:31:47',11,2,NULL,NULL,1916,1923,NULL,0,0,0,NULL,1,NULL,NULL,1,NULL,NULL,0,NULL),
(181,   'test car 181',1936,1944,'',NULL,1,42998,1,0,1,'2016-11-25 18:31:47',3,11,NULL,NULL,1937,1944,NULL,0,0,0,NULL,1,NULL,NULL,1,NULL,NULL,0,NULL),
(182,   'test car 182',1928,1928,'',NULL,1,34945,1,0,0,'2016-11-25 18:31:47',8,4,NULL,NULL,1929,1928,NULL,0,0,0,NULL,1,NULL,NULL,1,NULL,NULL,0,NULL),
(183,   'test car 183',1943,1948,'',NULL,1,93051,1,0,0,'2016-11-25 18:31:47',3,10,NULL,NULL,1944,1948,NULL,0,0,0,NULL,1,NULL,NULL,1,NULL,NULL,0,NULL),
(184,   'test car 184',1951,1953,'',NULL,1,50497,0,0,1,'2016-11-25 18:31:47',9,8,NULL,NULL,1951,1953,NULL,0,0,0,NULL,1,NULL,NULL,1,NULL,NULL,0,NULL),
(185,   'test car 185',1991,1999,'',NULL,1,18952,1,0,1,'2016-11-25 18:31:47',11,5,NULL,NULL,1992,1999,NULL,0,0,0,NULL,1,NULL,NULL,1,NULL,NULL,0,NULL),
(186,   'test car 186',1926,1932,'',NULL,1, 5821,1,0,0,'2016-11-25 18:31:47',7,11,NULL,NULL,1927,1932,NULL,0,0,0,NULL,1,NULL,NULL,1,NULL,NULL,0,NULL),
(187,   'test car 187',1920,1925,'',NULL,1,99237,1,1,1,'2016-11-25 18:31:47',1,6,NULL,NULL,1921,1925,NULL,0,0,0,NULL,1,NULL,NULL,1,NULL,NULL,0,NULL),
(188,   'test car 188',1971,1979,'',NULL,1,63271,1,0,1,'2016-11-25 18:31:47',1,7,NULL,NULL,1972,1979,NULL,0,0,0,NULL,1,NULL,NULL,1,NULL,NULL,0,NULL),
(189,   'test car 189',1979,1988,'',NULL,1,11408,1,0,0,'2016-11-25 18:31:47',10,6,NULL,NULL,1980,1988,NULL,0,0,0,NULL,1,NULL,NULL,1,NULL,NULL,0,NULL),
(190,   'test car 190',1913,1916,'',NULL,1,49593,0,0,1,'2016-11-25 18:31:47',12,3,NULL,NULL,1913,1916,NULL,0,0,0,NULL,1,NULL,NULL,1,NULL,NULL,0,NULL),
(191,   'test car 191',1959,1960,'',NULL,1,45372,1,0,0,'2016-11-25 18:31:47',7,4,NULL,NULL,1959,1960,NULL,0,0,0,NULL,1,NULL,NULL,1,NULL,NULL,0,NULL),
(192,   'test car 192',1908,1909,'',NULL,1,62856,0,0,1,'2016-11-25 18:31:47',4,3,NULL,NULL,1908,1909,NULL,0,0,0,NULL,1,NULL,NULL,1,NULL,NULL,0,NULL),
(193,   'test car 193',1908,1916,'',NULL,1,19414,1,0,0,'2016-11-25 18:31:47',8,1,NULL,NULL,1908,1916,NULL,0,0,0,NULL,1,NULL,NULL,1,NULL,NULL,0,NULL),
(194,   'test car 194',1931,1938,'',NULL,1,83551,0,0,0,'2016-11-25 18:31:47',6,10,NULL,NULL,1931,1938,NULL,0,0,0,NULL,1,NULL,NULL,1,NULL,NULL,0,NULL),
(195,   'test car 195',1909,1919,'',NULL,1,94561,1,0,0,'2016-11-25 18:31:47',5,2,NULL,NULL,1910,1919,NULL,0,0,0,NULL,1,NULL,NULL,1,NULL,NULL,0,NULL),
(196,   'test car 196',1986,1986,'',NULL,1,44962,0,0,0,'2016-11-25 18:31:47',5,12,NULL,NULL,1986,1986,NULL,0,0,0,NULL,1,NULL,NULL,1,NULL,NULL,0,NULL),
(197,   'test car 197',1988,1995,'',NULL,1,99262,1,0,1,'2016-11-25 18:31:47',10,12,NULL,NULL,1988,1995,NULL,0,0,0,NULL,1,NULL,NULL,1,NULL,NULL,0,NULL),
(198,   'test car 198',2008,2008,'',NULL,1,41663,1,0,0,'2016-11-25 18:31:47',12,9,NULL,NULL,2008,2008,NULL,0,0,0,NULL,1,NULL,NULL,1,NULL,NULL,0,NULL),
(199,   'test car 199',1990,1991,'',NULL,1,  727,0,0,0,'2016-11-25 18:31:47',10,8,NULL,NULL,1990,1991,NULL,0,0,0,NULL,1,NULL,NULL,1,NULL,NULL,0,NULL),
(200,   'test car 200',1973,1981,'',NULL,1,50120,0,0,0,'2016-11-25 18:31:47',10,4,NULL,NULL,1974,1981,NULL,0,0,0,NULL,1,NULL,NULL,1,NULL,NULL,0,NULL),
(201,   'test car 201',2003,2007,'',NULL,1,32557,1,0,0,'2016-11-25 18:31:47',4,7,NULL,NULL,2004,2007,NULL,0,0,0,NULL,1,NULL,NULL,1,NULL,NULL,0,NULL),
(202,   'test car 202',1909,1910,'',NULL,1, 5563,1,0,0,'2016-11-25 18:31:47',8,7,NULL,NULL,1910,1910,NULL,0,0,0,NULL,1,NULL,NULL,1,NULL,NULL,0,NULL),
(203,   'test car 203',1911,1918,'',NULL,1,67707,0,0,1,'2016-11-25 18:31:47',7,9,NULL,NULL,1912,1918,NULL,0,0,0,NULL,1,NULL,NULL,1,NULL,NULL,0,NULL),
(204,            'BMW',NULL,NULL,'',NULL,1, NULL,0,0,NULL,NULL,NULL,NULL,NULL,NULL,NULL,NULL,NULL,1,0,0,NULL,1,NULL,NULL,5,'bmw',NULL,0,NULL),
(205,     'Test brand',NULL,NULL,'',NULL,1, NULL,0,0,NULL,NULL,NULL,NULL,NULL,NULL,NULL,NULL,NULL,1,0,0,NULL,1,NULL,NULL,5,'test-brand',NULL,0,NULL);
/*!40000 ALTER TABLE `item` ENABLE KEYS */;

INSERT INTO item_language (item_id, language, name)
VALUES (1, 'xx', 'test car'), (2, 'xx', 'test concept car');

/*!40000 ALTER TABLE `item_parent` DISABLE KEYS */;
INSERT INTO `item_parent` (`item_id`, `parent_id`, `is_primary`, `catname`, `type`, `timestamp`, `name`, `manual_catname`) VALUES (1,204,0,'first-car',0,NULL,NULL,0),(2,204,0,'second-car',0,NULL,NULL,0),(3,204,0,'test-car-3',0,NULL,NULL,0),(4,204,0,'test-car-4',0,NULL,NULL,0),(5,204,0,'test-car-5',0,NULL,NULL,0),(6,204,0,'test-car-6',0,NULL,NULL,0),(7,204,0,'test-car-7',0,NULL,NULL,0),(8,204,0,'test-car-8',0,NULL,NULL,0),(9,204,0,'test-car-9',0,NULL,NULL,0),(10,204,0,'test-car-10',0,NULL,NULL,0),(11,204,0,'test-car-11',0,NULL,NULL,0),(12,204,0,'test-car-12',0,NULL,NULL,0),(13,204,0,'test-car-13',0,NULL,NULL,0),(14,204,0,'test-car-14',0,NULL,NULL,0),(15,204,0,'test-car-15',0,NULL,NULL,0),(16,204,0,'test-car-16',0,NULL,NULL,0),(17,204,0,'test-car-17',0,NULL,NULL,0),(18,204,0,'test-car-18',0,NULL,NULL,0),(19,204,0,'test-car-19',0,NULL,NULL,0),(20,204,0,'test-car-20',0,NULL,NULL,0),(21,204,0,'test-car-21',0,NULL,NULL,0),(22,204,0,'test-car-22',0,NULL,NULL,0),(23,204,0,'test-car-23',0,NULL,NULL,0),(24,204,0,'test-car-24',0,NULL,NULL,0),(25,204,0,'test-car-25',0,NULL,NULL,0),(26,204,0,'test-car-26',0,NULL,NULL,0),(27,204,0,'test-car-27',0,NULL,NULL,0),(28,204,0,'test-car-28',0,NULL,NULL,0),(29,204,0,'test-car-29',0,NULL,NULL,0),(30,204,0,'test-car-30',0,NULL,NULL,0),(31,204,0,'test-car-31',0,NULL,NULL,0),(32,204,0,'test-car-32',0,NULL,NULL,0),(33,204,0,'test-car-33',0,NULL,NULL,0),(34,204,0,'test-car-34',0,NULL,NULL,0),(35,204,0,'test-car-35',0,NULL,NULL,0),(36,204,0,'test-car-36',0,NULL,NULL,0),(37,204,0,'test-car-37',0,NULL,NULL,0),(38,204,0,'test-car-38',0,NULL,NULL,0),(39,204,0,'test-car-39',0,NULL,NULL,0),(40,204,0,'test-car-40',0,NULL,NULL,0),(41,204,0,'test-car-41',0,NULL,NULL,0),(42,204,0,'test-car-42',0,NULL,NULL,0),(43,204,0,'test-car-43',0,NULL,NULL,0),(44,204,0,'test-car-44',0,NULL,NULL,0),(45,204,0,'test-car-45',0,NULL,NULL,0),(46,204,0,'test-car-46',0,NULL,NULL,0),(47,204,0,'test-car-47',0,NULL,NULL,0),(48,204,0,'test-car-48',0,NULL,NULL,0),(49,204,0,'test-car-49',0,NULL,NULL,0),(50,204,0,'test-car-50',0,NULL,NULL,0),(51,204,0,'test-car-51',0,NULL,NULL,0),(52,204,0,'test-car-52',0,NULL,NULL,0),(53,204,0,'test-car-53',0,NULL,NULL,0),(54,204,0,'test-car-54',0,NULL,NULL,0),(55,204,0,'test-car-55',0,NULL,NULL,0),(56,204,0,'test-car-56',0,NULL,NULL,0),(57,204,0,'test-car-57',0,NULL,NULL,0),(58,204,0,'test-car-58',0,NULL,NULL,0),(59,204,0,'test-car-59',0,NULL,NULL,0),(60,204,0,'test-car-60',0,NULL,NULL,0),(61,204,0,'test-car-61',0,NULL,NULL,0),(62,204,0,'test-car-62',0,NULL,NULL,0),(63,204,0,'test-car-63',0,NULL,NULL,0),(64,204,0,'test-car-64',0,NULL,NULL,0),(65,204,0,'test-car-65',0,NULL,NULL,0),(66,204,0,'test-car-66',0,NULL,NULL,0),(67,204,0,'test-car-67',0,NULL,NULL,0),(68,204,0,'test-car-68',0,NULL,NULL,0),(69,204,0,'test-car-69',0,NULL,NULL,0),(70,204,0,'test-car-70',0,NULL,NULL,0),(71,204,0,'test-car-71',0,NULL,NULL,0),(72,204,0,'test-car-72',0,NULL,NULL,0),(73,204,0,'test-car-73',0,NULL,NULL,0),(74,204,0,'test-car-74',0,NULL,NULL,0),(75,204,0,'test-car-75',0,NULL,NULL,0),(76,204,0,'test-car-76',0,NULL,NULL,0),(77,204,0,'test-car-77',0,NULL,NULL,0),(78,204,0,'test-car-78',0,NULL,NULL,0),(79,204,0,'test-car-79',0,NULL,NULL,0),(80,204,0,'test-car-80',0,NULL,NULL,0),(81,204,0,'test-car-81',0,NULL,NULL,0),(82,204,0,'test-car-82',0,NULL,NULL,0),(83,204,0,'test-car-83',0,NULL,NULL,0),(84,204,0,'test-car-84',0,NULL,NULL,0),(85,204,0,'test-car-85',0,NULL,NULL,0),(86,204,0,'test-car-86',0,NULL,NULL,0),(87,204,0,'test-car-87',0,NULL,NULL,0),(88,204,0,'test-car-88',0,NULL,NULL,0),
(89,204,0,'test-car-89',0,NULL,NULL,0),(90,204,0,'test-car-90',0,NULL,NULL,0),(91,204,0,'test-car-91',0,NULL,NULL,0),(92,204,0,'test-car-92',0,NULL,NULL,0),(93,204,0,'test-car-93',0,NULL,NULL,0),(94,204,0,'test-car-94',0,NULL,NULL,0),(95,204,0,'test-car-95',0,NULL,NULL,0),(96,204,0,'test-car-96',0,NULL,NULL,0),(97,204,0,'test-car-97',0,NULL,NULL,0),(98,204,0,'test-car-98',0,NULL,NULL,0),(99,204,0,'test-car-99',0,NULL,NULL,0),(100,204,0,'test-car-100',0,NULL,NULL,0),(101,204,0,'test-car-101',0,NULL,NULL,0),(102,204,0,'test-car-102',0,NULL,NULL,0),(103,204,0,'test-car-103',0,NULL,NULL,0),(104,204,0,'test-car-104',0,NULL,NULL,0),(105,204,0,'test-car-105',0,NULL,NULL,0),(106,204,0,'test-car-106',0,NULL,NULL,0),(107,204,0,'test-car-107',0,NULL,NULL,0),(108,204,0,'test-car-108',0,NULL,NULL,0),(109,204,0,'test-car-109',0,NULL,NULL,0),(110,204,0,'test-car-110',0,NULL,NULL,0),(111,204,0,'test-car-111',0,NULL,NULL,0),(112,204,0,'test-car-112',0,NULL,NULL,0),
(113,204,0,'test-car-113',0,NULL,NULL,0),(114,204,0,'test-car-114',0,NULL,NULL,0),(115,204,0,'test-car-115',0,NULL,NULL,0),(116,204,0,'test-car-116',0,NULL,NULL,0),(117,204,0,'test-car-117',0,NULL,NULL,0),(118,204,0,'test-car-118',0,NULL,NULL,0),(119,204,0,'test-car-119',0,NULL,NULL,0),(120,204,0,'test-car-120',0,NULL,NULL,0),(121,204,0,'test-car-121',0,NULL,NULL,0),(122,204,0,'test-car-122',0,NULL,NULL,0),(123,204,0,'test-car-123',0,NULL,NULL,0),(124,204,0,'test-car-124',0,NULL,NULL,0),(125,204,0,'test-car-125',0,NULL,NULL,0),(126,204,0,'test-car-126',0,NULL,NULL,0),
(127,204,0,'test-car-127',0,NULL,NULL,0),(128,204,0,'test-car-128',0,NULL,NULL,0),(129,204,0,'test-car-129',0,NULL,NULL,0),(130,204,0,'test-car-130',0,NULL,NULL,0),(131,204,0,'test-car-131',0,NULL,NULL,0),(132,204,0,'test-car-132',0,NULL,NULL,0),(133,204,0,'test-car-133',0,NULL,NULL,0),(134,204,0,'test-car-134',0,NULL,NULL,0),(135,204,0,'test-car-135',0,NULL,NULL,0),(136,204,0,'test-car-136',0,NULL,NULL,0),(137,204,0,'test-car-137',0,NULL,NULL,0),(138,204,0,'test-car-138',0,NULL,NULL,0),(139,204,0,'test-car-139',0,NULL,NULL,0),(140,204,0,'test-car-140',0,NULL,NULL,0),(141,204,0,'test-car-141',0,NULL,NULL,0),(142,204,0,'test-car-142',0,NULL,NULL,0),(143,204,0,'test-car-143',0,NULL,NULL,0),(144,204,0,'test-car-144',0,NULL,NULL,0),(145,204,0,'test-car-145',0,NULL,NULL,0),(146,204,0,'test-car-146',0,NULL,NULL,0),(147,204,0,'test-car-147',0,NULL,NULL,0),(148,204,0,'test-car-148',0,NULL,NULL,0),(149,204,0,'test-car-149',0,NULL,NULL,0),(150,204,0,'test-car-150',0,NULL,NULL,0),(151,204,0,'test-car-151',0,NULL,NULL,0),(152,204,0,'test-car-152',0,NULL,NULL,0),(153,204,0,'test-car-153',0,NULL,NULL,0),(154,204,0,'test-car-154',0,NULL,NULL,0),(155,204,0,'test-car-155',0,NULL,NULL,0),(156,204,0,'test-car-156',0,NULL,NULL,0),(157,204,0,'test-car-157',0,NULL,NULL,0),(158,204,0,'test-car-158',0,NULL,NULL,0),(159,204,0,'test-car-159',0,NULL,NULL,0),(160,204,0,'test-car-160',0,NULL,NULL,0),(161,204,0,'test-car-161',0,NULL,NULL,0),(162,204,0,'test-car-162',0,NULL,NULL,0),(163,204,0,'test-car-163',0,NULL,NULL,0),(164,204,0,'test-car-164',0,NULL,NULL,0),(165,204,0,'test-car-165',0,NULL,NULL,0),(166,204,0,'test-car-166',0,NULL,NULL,0),(167,204,0,'test-car-167',0,NULL,NULL,0),(168,204,0,'test-car-168',0,NULL,NULL,0),(169,204,0,'test-car-169',0,NULL,NULL,0),(170,204,0,'test-car-170',0,NULL,NULL,0),(171,204,0,'test-car-171',0,NULL,NULL,0),(172,204,0,'test-car-172',0,NULL,NULL,0),(173,204,0,'test-car-173',0,NULL,NULL,0),(174,204,0,'test-car-174',0,NULL,NULL,0),(175,204,0,'test-car-175',0,NULL,NULL,0),(176,204,0,'test-car-176',0,NULL,NULL,0),(177,204,0,'test-car-177',0,NULL,NULL,0),(178,204,0,'test-car-178',0,NULL,NULL,0),(179,204,0,'test-car-179',0,NULL,NULL,0),(180,204,0,'test-car-180',0,NULL,NULL,0),(181,204,0,'test-car-181',0,NULL,NULL,0),(182,204,0,'test-car-182',0,NULL,NULL,0),(183,204,0,'test-car-183',0,NULL,NULL,0),(184,204,0,'test-car-184',0,NULL,NULL,0),(185,204,0,'test-car-185',0,NULL,NULL,0),(186,204,0,'test-car-186',0,NULL,NULL,0),(187,204,0,'test-car-187',0,NULL,NULL,0),(188,204,0,'test-car-188',0,NULL,NULL,0),(189,204,0,'test-car-189',0,NULL,NULL,0),(190,204,0,'test-car-190',0,NULL,NULL,0),(191,204,0,'test-car-191',0,NULL,NULL,0),(192,204,0,'test-car-192',0,NULL,NULL,0),(193,204,0,'test-car-193',0,NULL,NULL,0),(194,204,0,'test-car-194',0,NULL,NULL,0),(195,204,0,'test-car-195',0,NULL,NULL,0),(196,204,0,'test-car-196',0,NULL,NULL,0),(197,204,0,'test-car-197',0,NULL,NULL,0),(198,204,0,'test-car-198',0,NULL,NULL,0),(199,204,0,'test-car-199',0,NULL,NULL,0),(200,204,0,'test-car-200',0,NULL,NULL,0),(201,204,0,'test-car-201',0,NULL,NULL,0),(202,204,0,'test-car-202',0,NULL,NULL,0),(203,204,0,'test-car-203',0,NULL,NULL,0);
/*!40000 ALTER TABLE `item_parent` ENABLE KEYS */;

/*!40000 ALTER TABLE `item_parent_cache` DISABLE KEYS */;
INSERT INTO `item_parent_cache` (`item_id`, `parent_id`, `diff`, `tuning`, `sport`, `design`) VALUES (1,1,0,0,0,0),(2,2,0,0,0,0),(3,3,0,0,0,0),(4,4,0,0,0,0),(5,5,0,0,0,0),(6,6,0,0,0,0),(7,7,0,0,0,0),(8,8,0,0,0,0),(9,9,0,0,0,0),(10,10,0,0,0,0),(11,11,0,0,0,0),(12,12,0,0,0,0),(13,13,0,0,0,0),(14,14,0,0,0,0),(15,15,0,0,0,0),(16,16,0,0,0,0),(17,17,0,0,0,0),(18,18,0,0,0,0),(19,19,0,0,0,0),(20,20,0,0,0,0),(21,21,0,0,0,0),(22,22,0,0,0,0),(23,23,0,0,0,0),(24,24,0,0,0,0),(25,25,0,0,0,0),(26,26,0,0,0,0),(27,27,0,0,0,0),(28,28,0,0,0,0),(29,29,0,0,0,0),(30,30,0,0,0,0),(31,31,0,0,0,0),(32,32,0,0,0,0),(33,33,0,0,0,0),(34,34,0,0,0,0),(35,35,0,0,0,0),(36,36,0,0,0,0),(37,37,0,0,0,0),(38,38,0,0,0,0),(39,39,0,0,0,0),(40,40,0,0,0,0),(41,41,0,0,0,0),(42,42,0,0,0,0),(43,43,0,0,0,0),(44,44,0,0,0,0),(45,45,0,0,0,0),(46,46,0,0,0,0),(47,47,0,0,0,0),(48,48,0,0,0,0),(49,49,0,0,0,0),(50,50,0,0,0,0),(51,51,0,0,0,0),(52,52,0,0,0,0),(53,53,0,0,0,0),(54,54,0,0,0,0),(55,55,0,0,0,0),(56,56,0,0,0,0),(57,57,0,0,0,0),(58,58,0,0,0,0),(59,59,0,0,0,0),(60,60,0,0,0,0),(61,61,0,0,0,0),(62,62,0,0,0,0),(63,63,0,0,0,0),(64,64,0,0,0,0),(65,65,0,0,0,0),(66,66,0,0,0,0),(67,67,0,0,0,0),(68,68,0,0,0,0),(69,69,0,0,0,0),(70,70,0,0,0,0),(71,71,0,0,0,0),(72,72,0,0,0,0),(73,73,0,0,0,0),(74,74,0,0,0,0),(75,75,0,0,0,0),(76,76,0,0,0,0),(77,77,0,0,0,0),(78,78,0,0,0,0),(79,79,0,0,0,0),(80,80,0,0,0,0),(81,81,0,0,0,0),(82,82,0,0,0,0),(83,83,0,0,0,0),(84,84,0,0,0,0),(85,85,0,0,0,0),(86,86,0,0,0,0),(87,87,0,0,0,0),(88,88,0,0,0,0),(89,89,0,0,0,0),(90,90,0,0,0,0),(91,91,0,0,0,0),(92,92,0,0,0,0),(93,93,0,0,0,0),(94,94,0,0,0,0),(95,95,0,0,0,0),(96,96,0,0,0,0),(97,97,0,0,0,0),(98,98,0,0,0,0),(99,99,0,0,0,0),(100,100,0,0,0,0),(101,101,0,0,0,0),(102,102,0,0,0,0),(103,103,0,0,0,0),(104,104,0,0,0,0),(105,105,0,0,0,0),(106,106,0,0,0,0),(107,107,0,0,0,0),(108,108,0,0,0,0),(109,109,0,0,0,0),(110,110,0,0,0,0),(111,111,0,0,0,0),(112,112,0,0,0,0),(113,113,0,0,0,0),(114,114,0,0,0,0),(115,115,0,0,0,0),(116,116,0,0,0,0),(117,117,0,0,0,0),(118,118,0,0,0,0),(119,119,0,0,0,0),(120,120,0,0,0,0),(121,121,0,0,0,0),(122,122,0,0,0,0),(123,123,0,0,0,0),(124,124,0,0,0,0),(125,125,0,0,0,0),(126,126,0,0,0,0),(127,127,0,0,0,0),(128,128,0,0,0,0),(129,129,0,0,0,0),(130,130,0,0,0,0),(131,131,0,0,0,0),(132,132,0,0,0,0),(133,133,0,0,0,0),(134,134,0,0,0,0),(135,135,0,0,0,0),(136,136,0,0,0,0),(137,137,0,0,0,0),(138,138,0,0,0,0),(139,139,0,0,0,0),(140,140,0,0,0,0),(141,141,0,0,0,0),(142,142,0,0,0,0),(143,143,0,0,0,0),(144,144,0,0,0,0),(145,145,0,0,0,0),(146,146,0,0,0,0),(147,147,0,0,0,0),(148,148,0,0,0,0),(149,149,0,0,0,0),(150,150,0,0,0,0),(151,151,0,0,0,0),(152,152,0,0,0,0),(153,153,0,0,0,0),(154,154,0,0,0,0),(155,155,0,0,0,0),(156,156,0,0,0,0),(157,157,0,0,0,0),(158,158,0,0,0,0),(159,159,0,0,0,0),(160,160,0,0,0,0),(161,161,0,0,0,0),(162,162,0,0,0,0),(163,163,0,0,0,0),(164,164,0,0,0,0),(165,165,0,0,0,0),(166,166,0,0,0,0),(167,167,0,0,0,0),(168,168,0,0,0,0),(169,169,0,0,0,0),(170,170,0,0,0,0),(171,171,0,0,0,0),(172,172,0,0,0,0),(173,173,0,0,0,0),(174,174,0,0,0,0),(175,175,0,0,0,0),(176,176,0,0,0,0),(177,177,0,0,0,0),(178,178,0,0,0,0),(179,179,0,0,0,0),(180,180,0,0,0,0),(181,181,0,0,0,0),(182,182,0,0,0,0),(183,183,0,0,0,0),(184,184,0,0,0,0),(185,185,0,0,0,0),(186,186,0,0,0,0),(187,187,0,0,0,0),(188,188,0,0,0,0),(189,189,0,0,0,0),(190,190,0,0,0,0),(191,191,0,0,0,0),(192,192,0,0,0,0),(193,193,0,0,0,0),(194,194,0,0,0,0),(195,195,0,0,0,0),(196,196,0,0,0,0),(197,197,0,0,0,0),(198,198,0,0,0,0),(199,199,0,0,0,0),(200,200,0,0,0,0),(201,201,0,0,0,0),(202,202,0,0,0,0),(203,203,0,0,0,0),(204,204,0,0,0,0);
/*!40000 ALTER TABLE `item_parent_cache` ENABLE KEYS */;

/*!40000 ALTER TABLE `of_day` DISABLE KEYS */;
INSERT INTO `of_day` (`day_date`, `picture_id`, `item_id`, `twitter_sent`) VALUES ('2016-11-25',NULL,1,0);
/*!40000 ALTER TABLE `of_day` ENABLE KEYS */;

/*!40000 ALTER TABLE `user_remember` DISABLE KEYS */;
INSERT INTO `user_remember` (`user_id`, `token`, `date`) VALUES (3,'admin-token','2026-11-25 18:31:51'), (1,'token','2026-11-25 18:31:51');
/*!40000 ALTER TABLE `user_remember` ENABLE KEYS */;

/*!40000 ALTER TABLE `voting` DISABLE KEYS */;
insert into voting (id, name, multivariant, begin_date, end_date, votes, text)
values (1, "Test vote", 0, CURDATE(), "2020-01-01", 0, "Voting text");
/*!40000 ALTER TABLE `voting` ENABLE KEYS */;

/*!40000 ALTER TABLE `voting_variant` DISABLE KEYS */;
insert into voting_variant(id, voting_id, name, votes, position, text)
values (1, 1, "First variant", 0, 1, "First variant text"),
(2, 1, "Second variant", 0, 2, "Second variant text");
/*!40000 ALTER TABLE `voting_variant` ENABLE KEYS */;

INSERT INTO `attrs_user_values` (`attribute_id`, `item_id`, `user_id`, `add_date`, `update_date`, `conflict`, `weight`)
VALUES (20,1,1,'2016-11-25 18:31:46','2016-11-25 18:31:46',0,1);

INSERT INTO `attrs_user_values_list` (`attribute_id`, `item_id`, `user_id`, `value`, `ordering`)
VALUES (20,1,1,1,1);

INSERT INTO `attrs_values` (`attribute_id`, `item_id`, `conflict`, `update_date`)
VALUES (20,1,0,'2016-11-25 18:31:46');

INSERT INTO `attrs_values_list` (`attribute_id`, `item_id`, `value`, `ordering`)
VALUES (20,1,1,1);

INSERT INTO `forums_topics` (`id`, `theme_id`, `name`, `author_id`, `add_datetime`, `_messages`, `views`, `status`, `author_ip`)
VALUES (1,1,'Test topic',1,'2016-11-25 18:31:48',0,0,'normal',0x30);
